{
  "tags": [
    {
      "ID": 1,
      "pose": {
        "translation": {
          "x": 8,
          "y": 4,
          "z": 1.4859
        },
        "rotation": {
          "quaternion": {
            "W": 0.4539904997395468,
            "X": 0.0,
            "Y": 0.0,
            "Z": 0.8910065241883678
          }
        }
      }
    }
  ],
  "field": {
    "length": 99,
    "width": 99
  }
}